INSERT INTO cliente (id_cliente, nm_cliente, telefone_cliente, email_cliente)
VALUES 
    (1, 'Alice Silva', '11987654321', 'alice.silva@example.com'),
    (2, 'Bruno Santos', '11912345678', 'bruno.santos@example.com'),
    (3, 'Carla Pereira', '21998765432', 'carla.pereira@example.com'),
    (4, 'Diego Costa', '31987651234', 'diego.costa@example.com'),
    (5, 'Eduarda Souza', '41987654321', 'eduarda.souza@example.com'),
    (6, 'Fernando Almeida', '51987654321', 'fernando.almeida@example.com'),
    (7, 'Gabriela Lima', '61987654321', 'gabriela.lima@example.com'),
    (8, 'Henrique Oliveira', '71987654321', 'henrique.oliveira@example.com'),
    (9, 'Isabela Rocha', '81987654321', 'isabela.rocha@example.com'),
    (10, 'João Mendes', '91987654321', 'joao.mendes@example.com'),
    (11, 'Karen Martins', '11912344321', 'karen.martins@example.com'),
    (12, 'Lucas Ribeiro', '21912344321', 'lucas.ribeiro@example.com'),
    (13, 'Mariana Costa', '31912344321', 'mariana.costa@example.com'),
    (14, 'Nicolas Azevedo', '41912344321', 'nicolas.azevedo@example.com'),
    (15, 'Otávio Cunha', '51912344321', 'otavio.cunha@example.com'),
    (16, 'Patrícia Gomes', '61912344321', 'patricia.gomes@example.com'),
    (17, 'Ricardo Silva', '71912344321', 'ricardo.silva@example.com'),
    (18, 'Sofia Fernandes', '81912344321', 'sofia.fernandes@example.com'),
    (19, 'Thiago Nunes', '91912344321', 'thiago.nunes@example.com'),
    (20, 'Vanessa Cardoso', '11923454321', 'vanessa.cardoso@example.com'),
    (21, 'André Barbosa', '21923454321', 'andre.barbosa@example.com'),
    (22, 'Bianca Teixeira', '31923454321', 'bianca.teixeira@example.com'),
    (23, 'Carlos Pinto', '41923454321', 'carlos.pinto@example.com'),
    (24, 'Daniela Mendes', '51923454321', 'daniela.mendes@example.com'),
    (25, 'Eduardo Matos', '61923454321', 'eduardo.matos@example.com'),
    (26, 'Flávia Monteiro', '71923454321', 'flavia.monteiro@example.com'),
    (27, 'Gustavo Ramos', '81923454321', 'gustavo.ramos@example.com'),
    (28, 'Helena Castro', '91923454321', 'helena.castro@example.com'),
    (29, 'Igor Lopes', '11934565432', 'igor.lopes@example.com'),
    (30, 'Jéssica Vieira', '21934565432', 'jessica.vieira@example.com'),
    (31, 'Kleber Martins', '31934565432', 'kleber.martins@example.com'),
    (32, 'Letícia Freitas', '41934565432', 'leticia.freitas@example.com'),
    (33, 'Matheus Dias', '51934565432', 'matheus.dias@example.com'),
    (34, 'Natália Oliveira', '61934565432', 'natalia.oliveira@example.com'),
    (35, 'Otávia Carvalho', '71934565432', 'otavia.carvalho@example.com'),
    (36, 'Pedro Henrique', '81934565432', 'pedro.henrique@example.com'),
    (37, 'Quésia Tavares', '91934565432', 'quesia.tavares@example.com'),
    (38, 'Renato Xavier', '11945676543', 'renato.xavier@example.com'),
    (39, 'Sabrina Lima', '21945676543', 'sabrina.lima@example.com'),
    (40, 'Tatiane Figueiredo', '31945676543', 'tatiane.figueiredo@example.com'),
    (41, 'Ursula Barreto', '41945676543', 'ursula.barreto@example.com'),
    (42, 'Vinícius Santos', '51945676543', 'vinicius.santos@example.com'),
    (43, 'Wagner Rocha', '61945676543', 'wagner.rocha@example.com'),
    (44, 'Xênia Marques', '71945676543', 'xenia.marques@example.com'),
    (45, 'Yasmin Rodrigues', '81945676543', 'yasmin.rodrigues@example.com'),
    (46, 'Zeca Andrade', '91945676543', 'zeca.andrade@example.com'),
    (47, 'Ana Clara', '11956787654', 'ana.clara@example.com'),
    (48, 'Brenda Silva', '21956787654', 'brenda.silva@example.com'),
    (49, 'César Almeida', '31956787654', 'cesar.almeida@example.com'),
    (50, 'Denise Nogueira', '41956787654', 'denise.nogueira@example.com'),
    (51, 'Emanuel Costa', '51956787654', 'emanuel.costa@example.com'),
    (52, 'Fernanda Lima', '61956787654', 'fernanda.lima@example.com'),
    (53, 'Guilherme Araújo', '71956787654', 'guilherme.araujo@example.com'),
    (54, 'Heloísa Moura', '81956787654', 'heloisa.moura@example.com'),
    (55, 'Iara Dantas', '91956787654', 'iara.dantas@example.com'),
    (56, 'Joana Pereira', '11967898765', 'joana.pereira@example.com'),
    (57, 'Kevin Santos', '21967898765', 'kevin.santos@example.com'),
    (58, 'Lara Cunha', '31967898765', 'lara.cunha@example.com'),
    (59, 'Marcelo Souza', '41967898765', 'marcelo.souza@example.com'),
    (60, 'Natanael Alves', '51967898765', 'natanael.alves@example.com'),
    (61, 'Olga Rezende', '61967898765', 'olga.rezende@example.com'),
    (62, 'Patrícia Ramos', '71967898765', 'patricia.ramos@example.com'),
    (63, 'Quirino Silva', '81967898765', 'quirino.silva@example.com'),
    (64, 'Rita Lopes', '91967898765', 'rita.lopes@example.com'),
    (65, 'Sara Duarte', '11978909876', 'sara.duarte@example.com'),
    (66, 'Tiago Freitas', '21978909876', 'tiago.freitas@example.com'),
    (67, 'Ulisses Cardoso', '31978909876', 'ulisses.cardoso@example.com'),
    (68, 'Vitória Farias', '41978909876', 'vitoria.farias@example.com'),
    (69, 'Wellington Marques', '51978909876', 'wellington.marques@example.com'),
    (70, 'Ximena Tavares', '61978909876', 'ximena.tavares@example.com'),
    (71, 'Yuri Barbosa', '71978909876', 'yuri.barbosa@example.com'),
    (72, 'Zélia Pacheco', '81978909876', 'zelia.pacheco@example.com'),
    (73, 'Arthur Nogueira', '91978909876', 'arthur.nogueira@example.com'),
    (74, 'Bruno Machado', '11989010987', 'bruno.machado@example.com'),
    (75, 'Caroline Borges', '21989010987', 'caroline.borges@example.com'),
    (76, 'Diego Andrade', '31989010987', 'diego.andrade@example.com'),
    (77, 'Eduarda Ferreira', '41989010987', 'eduarda.ferreira@example.com'),
    (78, 'Felipe Alves', '51989010987', 'felipe.alves@example.com'),
    (79, 'Giovanna Castro', '61989010987', 'giovanna.castro@example.com'),
    (80, 'Humberto Moraes', '71989010987', 'humberto.moraes@example.com'),
    (81, 'Ísis Neves', '81989010987', 'isis.neves@example.com'),
    (82, 'Júlio César', '91989010987', 'julio.cesar@example.com'),
    (83, 'Kelly Moura', '11990121098', 'kelly.moura@example.com'),
    (84, 'Larissa Vieira', '21990121098', 'larissa.vieira@example.com'),
    (85, 'Murilo Souza', '31990121098', 'murilo.souza@example.com'),
    (86, 'Natália Santos', '41990121098', 'natalia.santos@example.com'),
    (87, 'Otávio Almeida', '51990121098', 'otavio.almeida@example.com'),
    (88, 'Paula Martins', '61990121098', 'paula.martins@example.com'),
    (89, 'Ricardo Alves', '71990121098', 'ricardo.alves@example.com'),
    (90, 'Sofia Borges', '81990121098', 'sofia.borges@example.com'),
    (91, 'Thales Vieira', '91990121098', 'thales.vieira@example.com'),
    (92, 'Ursula Matos', '11901232109', 'ursula.matos@example.com'),
    (93, 'Vinícius Ramos', '21901232109', 'vinicius.ramos@example.com'),
    (94, 'Wesley Andrade', '31901232109', 'wesley.andrade@example.com'),
    (95, 'Xênia Rocha', '41901232109', 'xenia.rocha@example.com'),
    (96, 'Yasmin Dantas', '51901232109', 'yasmin.dantas@example.com'),
    (97, 'Zeca Cardoso', '61901232109', 'zeca.cardoso@example.com'),
    (98, 'Amanda Cunha', '71901232109', 'amanda.cunha@example.com'),
    (99, 'Brenda Nogueira', '81901232109', 'brenda.nogueira@example.com'),
    (100, 'Carlos Araújo', '91901232109', 'carlos.araujo@example.com'),
    (101, 'Ana Júlia', '11911223344', 'ana.julia@example.com'),
    (102, 'Bernardo Oliveira', '21911223344', 'bernardo.oliveira@example.com'),
    (103, 'Camila Souza', '31911223344', 'camila.souza@example.com'),
    (104, 'Daniel Rocha', '41911223344', 'daniel.rocha@example.com'),
    (105, 'Elisa Mendes', '51911223344', 'elisa.mendes@example.com'),
    (106, 'Fabiano Alves', '61911223344', 'fabiano.alves@example.com'),
    (107, 'Gabriel Silva', '71911223344', 'gabriel.silva@example.com'),
    (108, 'Hugo Martins', '81911223344', 'hugo.martins@example.com'),
    (109, 'Isabel Freitas', '91911223344', 'isabel.freitas@example.com'),
    (110, 'João Victor', '11922334455', 'joao.victor@example.com'),
    (111, 'Karina Lopes', '21922334455', 'karina.lopes@example.com'),
    (112, 'Luana Fernandes', '31922334455', 'luana.fernandes@example.com'),
    (113, 'Marcelo Almeida', '41922334455', 'marcelo.almeida@example.com');

INSERT INTO servico (id_servico, nm_servico, preco_servico)
VALUES
    (1, 'Corte de Cabelo', 50.00),
    (2, 'Manicure e Pedicure', 40.00),
    (3, 'Massagem Relaxante', 120.00),
    (4, 'Limpeza de Pele', 80.00),
    (5, 'Design de Sobrancelhas', 45.00),
    (6, 'Maquiagem', 100.00),
    (7, 'Pintura de Unhas Gel', 60.00),
    (8, 'Depilação Completa', 150.00),
    (9, 'Corte Masculino', 40.00),
    (10, 'Tratamento Capilar', 130.00),
    (11, 'Hidratação Capilar', 90.00),
    (12, 'Escova Progressiva', 250.00),
    (13, 'Manicure', 30.00),
    (14, 'Pedicure', 35.00),
    (15, 'Corte Feminino', 60.00),
    (16, 'Escova Modelada', 70.00),
    (17, 'Sobrancelhas Fio a Fio', 120.00),
    (18, 'Desintoxicação Facial', 85.00),
    (19, 'Banho de Lua', 120.00),
    (20, 'Peeling Facial', 95.00),
    (21, 'Tingimento de Cabelo', 100.00),
    (22, 'Botox Capilar', 220.00),
    (23, 'Barba e Bigode', 30.00),
    (24, 'Depilação de Cílios', 70.00),
    (25, 'Manicure e Pedicure Deluxe', 60.00),
    (26, 'Corte e Escova', 75.00),
    (27, 'Maquiagem de Noiva', 300.00),
    (28, 'Corte e Hidratação', 85.00),
    (29, 'Depilação a Laser', 180.00),
    (30, 'Limpeza de Pele Profunda', 95.00),
    (31, 'Design de Unhas', 50.00),
    (32, 'Corte e Pintura de Cabelo', 120.00),
    (33, 'Depilação de Área Íntima', 100.00),
    (34, 'Alongamento de Cílios', 150.00),
    (35, 'Bronzeamento Artificial', 70.00),
    (36, 'Tinteiro de Sobrancelha', 40.00),
    (37, 'Tratamento Facial Anti-Idade', 150.00),
    (38, 'Shampoo e Escova', 60.00),
    (39, 'Hidratação Intensiva', 120.00),
    (40, 'Alisamento de Cabelo', 230.00),
    (41, 'Penteado de Festa', 90.00),
    (42, 'Corte Masculino e Modelagem de Barba', 70.00),
    (43, 'Manicure e Pedicure Gel', 80.00),
    (44, 'Tratamento de Queda Capilar', 150.00),
    (45, 'Corte Infantil', 45.00),
    (46, 'Penteado Casual', 70.00),
    (47, 'Maquiagem para Festa', 90.00),
    (48, 'Design de Sobrancelhas com Henna', 50.00),
    (49, 'Penteado de Noiva', 250.00),
    (50, 'Tratamento de Celulite', 200.00),
    (51, 'Massagem Modeladora', 180.00),
    (52, 'Peeling Corporal', 150.00),
    (53, 'Corte e Hidratação Masculino', 85.00),
    (54, 'Escova de Rejuvenescimento', 200.00),
    (55, 'Extensão de Cílios', 180.00),
    (56, 'Maquiagem para Noiva', 350.00),
    (57, 'Design de Unhas em Gel', 90.00),
    (58, 'Sobrancelhas Design', 60.00),
    (59, 'Corte e Escova para Noiva', 180.00),
    (60, 'Corte e Escova Masculino', 75.00),
    (61, 'Depilação Facial', 60.00),
    (62, 'Depilação de Perna Completa', 120.00),
    (63, 'Massagem Terapêutica', 130.00),
    (64, 'Tratamento para Estrias', 150.00),
    (65, 'Tratamento Capilar Profundo', 250.00),
    (66, 'Tingimento de Cabelo com Mechas', 160.00),
    (67, 'Esfoliação Corporal', 100.00),
    (68, 'Alongamento de Unhas', 70.00),
    (69, 'Escova de Volume', 80.00),
    (70, 'Escova Detox', 110.00),
    (71, 'Drenagem Linfática', 120.00),
    (72, 'Escova de Brilho', 70.00),
    (73, 'Depilação de Axilas', 40.00),
    (74, 'Tratamento Anti-Acne', 95.00),
    (75, 'Corte e Hidratação para Noiva', 150.00),
    (76, 'Maquiagem para Eventos', 120.00),
    (77, 'Corte Infantil e Escova', 50.00),
    (78, 'Depilação para Homens', 80.00),
    (79, 'Esfoliação Facial', 70.00),
    (80, 'Relaxamento Capilar', 130.00),
    (81, 'Rejuvenescimento Facial', 220.00),
    (82, 'Hidratação para Cabelos Cacheados', 110.00),
    (83, 'Massagem Anti-Stress', 120.00),
    (84, 'Tingimento de Sobrancelhas', 35.00),
    (85, 'Hidratação de Unhas', 40.00),
    (86, 'Corte e Escova para Crianças', 45.00),
    (87, 'Alisamento Progressivo Masculino', 250.00),
    (88, 'Escova Liso Perfeito', 180.00),
    (89, 'Corte e Tratamento Capilar', 130.00),
    (90, 'Massagem Pedicular', 80.00),
    (91, 'Depilação de Buço', 30.00),
    (92, 'Hidratação Reparadora', 150.00),
    (93, 'Penteado de Gala', 250.00),
    (94, 'Desintoxicação Corporal', 130.00),
    (95, 'Corte e Escova de Festa', 120.00),
    (96, 'Escova de Definição de Cachos', 90.00);

INSERT INTO profissional (id_profissional, especializacao, nm_profissional, telefone_profissional, email_profissional)
VALUES
    (1, 'Cabeleireiro', 'Lucas Pereira', '(11) 98765-4321', 'lucas.pereira@email.com'),
    (2, 'Manicure e Pedicure', 'Ana Souza', '(11) 91234-5678', 'ana.souza@email.com'),
    (3, 'Massoterapeuta', 'Carlos Silva', '(11) 99876-5432', 'carlos.silva@email.com'),
    (4, 'Esteticista', 'Mariana Costa', '(11) 97654-3210', 'mariana.costa@email.com'),
    (5, 'Maquiadora', 'Juliana Almeida', '(11) 93456-7890', 'juliana.almeida@email.com'),
    (6, 'Cabeleireiro', 'Roberta Oliveira', '(11) 95432-1098', 'roberta.oliveira@email.com'),
    (7, 'Designer de Sobrancelhas', 'Fernanda Lima', '(11) 99887-6543', 'fernanda.lima@email.com'),
    (8, 'Massoterapeuta', 'José Santos', '(11) 96754-3210', 'jose.santos@email.com'),
    (9, 'Cabeleireiro', 'Paula Martins', '(11) 98765-4320', 'paula.martins@email.com'),
    (10, 'Maquiadora', 'Camila Rocha', '(11) 94567-1234', 'camila.rocha@email.com'),
    (11, 'Cabeleireiro', 'Ricardo Ferreira', '(11) 92345-6789', 'ricardo.ferreira@email.com'),
    (12, 'Manicure e Pedicure', 'Tatiane Pereira', '(11) 97654-3210', 'tatiane.pereira@email.com'),
    (13, 'Massoterapeuta', 'Sofia Martins', '(11) 93567-8901', 'sofia.martins@email.com'),
    (14, 'Esteticista', 'Gustavo Oliveira', '(11) 94876-5432', 'gustavo.oliveira@email.com'),
    (15, 'Maquiadora', 'Cláudia Rocha', '(11) 93654-1234', 'claudia.rocha@email.com'),
    (16, 'Cabeleireiro', 'Felipe Mendes', '(11) 98765-4321', 'felipe.mendes@email.com'),
    (17, 'Manicure e Pedicure', 'Beatriz Costa', '(11) 93345-6789', 'beatriz.costa@email.com'),
    (18, 'Cabeleireiro', 'Daniela Lima', '(11) 95321-6789', 'daniela.lima@email.com'),
    (19, 'Massoterapeuta', 'Ricardo Souza', '(11) 94321-9876', 'ricardo.souza@email.com'),
    (20, 'Esteticista', 'Luana Almeida', '(11) 92234-7654', 'luana.almeida@email.com'),
    (21, 'Cabeleireiro', 'Rafael Pereira', '(11) 91234-5678', 'rafael.pereira@email.com'),
    (22, 'Maquiadora', 'Larissa Santos', '(11) 96654-7890', 'larissa.santos@email.com'),
    (23, 'Manicure e Pedicure', 'Priscila Alves', '(11) 93765-4321', 'priscila.alves@email.com'),
    (24, 'Massoterapeuta', 'Roberta Ferreira', '(11) 92034-5678', 'roberta.ferreira@email.com'),
    (25, 'Cabeleireiro', 'Vera Costa', '(11) 92567-8901', 'vera.costa@email.com'),
    (26, 'Esteticista', 'Paulo Silva', '(11) 95032-8765', 'paulo.silva@email.com'),
    (27, 'Maquiadora', 'Eliane Santos', '(11) 96632-1245', 'eliane.santos@email.com'),
    (28, 'Cabeleireiro', 'João Pereira', '(11) 93754-3210', 'joao.pereira@email.com'),
    (29, 'Manicure e Pedicure', 'Marta Lima', '(11) 97543-2109', 'marta.lima@email.com'),
    (30, 'Massoterapeuta', 'Carlos Rocha', '(11) 97321-6543', 'carlos.rocha@email.com');

INSERT INTO agendamento (id_agendamento, status_agendamento, data_agendamento, hora_agendamento, id_servico, id_profissional, id_cliente)
VALUES
    (1, 'Agendado', '2025-02-01', '10:00:00', 1, 3, 1),
    (2, 'Concluído', '2025-02-02', '14:30:00', 2, 1, 1),
    (3, 'Cancelado', '2025-02-03', '09:00:00', 3, 2, 2),
    (4, 'Agendado', '2025-02-04', '11:00:00', 4, 5, 3),
    (5, 'Concluído', '2025-02-05', '16:45:00', 1, 4, 3),
    (6, 'Agendado', '2025-02-06', '08:30:00', 2, 3, 4),
    (7, 'Concluído', '2025-02-07', '15:00:00', 5, 1, 4),
    (8, 'Cancelado', '2025-02-08', '17:30:00', 6, 5, 5),
    (9, 'Agendado', '2025-02-09', '13:00:00', 3, 4, 6),
    (10, 'Concluído', '2025-02-10', '12:00:00', 4, 2, 6),
    (11, 'Agendado', '2025-02-11', '10:15:00', 1, 2, 7),
    (12, 'Concluído', '2025-02-12', '14:20:00', 2, 5, 8),
    (13, 'Cancelado', '2025-02-13', '09:30:00', 3, 4, 9),
    (14, 'Agendado', '2025-02-14', '11:10:00', 4, 1, 10),
    (15, 'Concluído', '2025-02-15', '16:00:00', 5, 3, 11),
    (16, 'Agendado', '2025-02-16', '08:45:00', 6, 2, 12),
    (17, 'Concluído', '2025-02-17', '15:00:00', 1, 4, 13),
    (18, 'Cancelado', '2025-02-18', '17:15:00', 2, 5, 14),
    (19, 'Agendado', '2025-02-19', '13:30:00', 3, 1, 15),
    (20, 'Concluído', '2025-02-20', '12:00:00', 4, 3, 16),
    (21, 'Agendado', '2025-02-21', '10:00:00', 5, 2, 17),
    (22, 'Cancelado', '2025-02-22', '14:45:00', 6, 1, 18),
    (23, 'Agendado', '2025-02-23', '09:15:00', 1, 4, 19),
    (24, 'Concluído', '2025-02-24', '16:30:00', 2, 3, 20),
    (25, 'Agendado', '2025-02-25', '11:45:00', 3, 2, 21),
    (26, 'Concluído', '2025-02-26', '13:10:00', 4, 1, 22),
    (27, 'Cancelado', '2025-02-27', '08:30:00', 5, 4, 23),
    (28, 'Agendado', '2025-02-28', '10:00:00', 6, 3, 24),
    (29, 'Concluído', '2025-03-01', '17:00:00', 1, 2, 25),
    (30, 'Agendado', '2025-03-02', '12:15:00', 2, 5, 26),
    (31, 'Cancelado', '2025-03-03', '14:00:00', 3, 4, 27),
    (32, 'Agendado', '2025-03-04', '09:45:00', 4, 1, 28),
    (33, 'Concluído', '2025-03-05', '16:00:00', 5, 2, 29),
    (34, 'Agendado', '2025-03-06', '10:30:00', 6, 3, 30),
    (35, 'Concluído', '2025-03-07', '13:15:00', 1, 4, 31),
    (36, 'Cancelado', '2025-03-08', '14:50:00', 2, 1, 32),
    (37, 'Agendado', '2025-03-09', '11:20:00', 3, 5, 33),
    (38, 'Concluído', '2025-03-10', '09:05:00', 4, 3, 34),
    (39, 'Cancelado', '2025-03-11', '12:40:00', 5, 2, 35),
    (40, 'Agendado', '2025-03-12', '15:30:00', 6, 1, 36),
    (41, 'Concluído', '2025-03-13', '11:00:00', 1, 5, 37),
    (42, 'Cancelado', '2025-03-14', '14:25:00', 2, 3, 38),
    (43, 'Agendado', '2025-03-15', '10:00:00', 3, 4, 39),
    (44, 'Concluído', '2025-03-16', '16:30:00', 4, 2, 40),
    (45, 'Cancelado', '2025-03-17', '08:45:00', 5, 1, 41),
    (46, 'Agendado', '2025-03-18', '13:50:00', 6, 4, 42),
    (47, 'Concluído', '2025-03-19', '15:15:00', 1, 3, 43),
    (48, 'Cancelado', '2025-03-20', '10:45:00', 2, 5, 44),
    (49, 'Agendado', '2025-03-21', '14:00:00', 3, 1, 45),
    (50, 'Concluído', '2025-03-22', '09:20:00', 4, 2, 46),
    (51, 'Agendado', '2025-03-23', '11:30:00', 5, 3, 47),
    (52, 'Cancelado', '2025-03-24', '16:00:00', 6, 4, 48),
    (53, 'Agendado', '2025-03-25', '12:10:00', 1, 2, 49),
    (54, 'Concluído', '2025-03-26', '14:50:00', 2, 5, 50),
    (55, 'Cancelado', '2025-03-27', '09:30:00', 3, 1, 51),
    (56, 'Agendado', '2025-03-28', '10:50:00', 4, 3, 52),
    (57, 'Concluído', '2025-03-29', '13:00:00', 5, 4, 53),
    (58, 'Cancelado', '2025-03-30', '15:15:00', 6, 2, 54),
    (59, 'Agendado', '2025-03-31', '12:30:00', 1, 1, 55),
    (60, 'Concluído', '2025-04-01', '10:15:00', 2, 4, 56),
    (61, 'Agendado', '2025-04-02', '14:45:00', 3, 2, 57),
    (62, 'Cancelado', '2025-04-03', '09:00:00', 4, 5, 58),
    (63, 'Agendado', '2025-04-04', '17:30:00', 5, 1, 59),
    (64, 'Concluído', '2025-04-05', '10:30:00', 6, 4, 60),
    (65, 'Cancelado', '2025-04-06', '13:45:00', 1, 2, 61),
    (66, 'Agendado', '2025-04-07', '15:20:00', 2, 3, 62),
    (67, 'Concluído', '2025-04-08', '09:35:00', 3, 5, 63),
    (68, 'Cancelado', '2025-04-09', '14:10:00', 4, 1, 64),
    (69, 'Agendado', '2025-04-10', '11:50:00', 5, 3, 65),
    (70, 'Concluído', '2025-04-11', '10:30:00', 6, 2, 66),
    (71, 'Agendado', '2025-04-12', '15:45:00', 1, 4, 67),
    (72, 'Cancelado', '2025-04-13', '09:20:00', 2, 3, 68),
    (73, 'Agendado', '2025-04-14', '13:00:00', 3, 5, 69),
    (74, 'Concluído', '2025-04-15', '16:30:00', 4, 1, 70),
    (75, 'Cancelado', '2025-04-16', '10:10:00', 5, 2, 71),
    (76, 'Agendado', '2025-04-17', '12:20:00', 6, 4, 72),
    (77, 'Concluído', '2025-04-18', '14:50:00', 1, 3, 73),
    (78, 'Cancelado', '2025-04-19', '16:00:00', 2, 5, 74),
    (79, 'Agendado', '2025-04-20', '10:30:00', 3, 4, 75),
    (80, 'Concluído', '2025-04-21', '11:00:00', 4, 2, 76),
    (81, 'Cancelado', '2025-04-22', '14:20:00', 5, 1, 77),
    (82, 'Agendado', '2025-04-23', '13:40:00', 6, 4, 78),
    (83, 'Concluído', '2025-04-24', '09:00:00', 1, 3, 79),
    (84, 'Cancelado', '2025-04-25', '10:30:00', 2, 5, 80),
    (85, 'Agendado', '2025-04-26', '15:20:00', 3, 1, 81),
    (86, 'Concluído', '2025-04-27', '12:40:00', 4, 2, 82),
    (87, 'Cancelado', '2025-04-28', '14:10:00', 5, 3, 83),
    (88, 'Agendado', '2025-04-29', '13:15:00', 6, 4, 84),
    (89, 'Concluído', '2025-04-30', '10:25:00', 1, 5, 85),
    (90, 'Cancelado', '2025-05-01', '12:50:00', 2, 4, 86),
    (91, 'Agendado', '2025-05-02', '15:30:00', 3, 2, 87),
    (92, 'Concluído', '2025-05-03', '09:40:00', 4, 1, 88),
    (93, 'Cancelado', '2025-05-04', '14:30:00', 5, 4, 89);

INSERT INTO pagamento (id_pagamento, id_agendamento, id_cliente, valor_pago, data_pagamento, forma_pagamento, parcelas_cartao)
VALUES
    (1, 2, 1, 180.00, '2025-02-02', 'Cartão de Crédito', 1),
    (2, 5, 3, 120.00, '2025-02-05', 'Cartão de Crédito', 2),
    (3, 7, 4, 150.00, '2025-02-07', 'Dinheiro', NULL),
    (4, 10, 6, 100.00, '2025-02-10', 'Cartão de Crédito', 3),
    (5, 12, 8, 180.00, '2025-02-12', 'Pix', NULL),
    (6, 15, 11, 200.00, '2025-02-15', 'Cartão de Débito', 1),
    (7, 17, 13, 85.00, '2025-02-17', 'Cartão de Crédito', 2),
    (8, 20, 16, 150.00, '2025-02-20', 'Dinheiro', NULL),
    (9, 24, 20, 120.00, '2025-02-24', 'Pix', NULL),
    (10, 26, 22, 180.00, '2025-02-26', 'Cartão de Débito', 1),
    (11, 29, 25, 150.00, '2025-03-01', 'Cartão de Crédito', 3),
    (12, 33, 29, 200.00, '2025-03-05', 'Cartão de Crédito', 2),
    (13, 35, 31, 85.00, '2025-03-07', 'Pix', NULL),
    (14, 38, 34, 180.00, '2025-03-10', 'Dinheiro', NULL),
    (15, 41, 37, 120.00, '2025-03-13', 'Cartão de Crédito', 4),
    (16, 44, 40, 150.00, '2025-03-16', 'Pix', NULL),
    (17, 47, 43, 100.00, '2025-03-19', 'Cartão de Crédito', 1),
    (18, 50, 46, 200.00, '2025-03-22', 'Cartão de Débito', 1),
    (19, 54, 50, 180.00, '2025-03-26', 'Dinheiro', NULL),
    (20, 57, 53, 150.00, '2025-03-29', 'Cartão de Crédito', 2),
    (21, 60, 56, 120.00, '2025-04-01', 'Pix', NULL),
    (22, 64, 60, 180.00, '2025-04-05', 'Dinheiro', NULL),
    (23, 67, 63, 200.00, '2025-04-08', 'Cartão de Crédito', 4),
    (24, 70, 66, 150.00, '2025-04-11', 'Pix', NULL),
    (25, 74, 70, 180.00, '2025-04-15', 'Cartão de Crédito', 3),
    (26, 77, 73, 120.00, '2025-04-18', 'Pix', NULL),
    (27, 80, 76, 150.00, '2025-04-21', 'Cartão de Débito', 1),
    (28, 83, 79, 85.00, '2025-04-24', 'Dinheiro', NULL),
    (29, 86, 82, 120.00, '2025-04-27', 'Pix', NULL),
    (30, 89, 85, 150.00, '2025-04-30', 'Cartão de Crédito', 5),
    (31, 92, 88, 100.00, '2025-05-03', 'Pix', NULL);

INSERT INTO feedback (id_feedback, id_agendamento, avaliacao, comentario)
VALUES
    (1, 2, 5, 'Excelente atendimento, o profissional foi muito atencioso e o serviço de cabelo ficou perfeito!'),
    (2, 5, 4, 'Bom serviço, mas o tempo de espera poderia ser melhor. O profissional foi muito simpático.'),
    (3, 7, 5, 'Adorei o atendimento, a massagem foi relaxante e revigorante. Recomendo a todos!'),
    (4, 10, 3, 'O serviço foi bom, mas houve um pequeno atraso no agendamento. Ainda assim, o profissional foi competente.'),
    (5, 12, 5, 'Fiquei encantada com a qualidade do serviço, a maquiagem ficou impecável e o profissional super atencioso.'),
    (6, 15, 4, 'A massagem foi ótima, porém o ambiente poderia ser um pouco mais tranquilo.'),
    (7, 17, 5, 'Excelente serviço, adorei o corte de cabelo e a atenção dada durante o processo.'),
    (8, 20, 4, 'A depilação foi muito boa, mas o profissional poderia ter sido um pouco mais rápido.'),
    (9, 24, 5, 'O atendimento foi impecável, adorei o serviço e o preço foi justo.'),
    (10, 26, 3, 'O corte foi bom, mas houve um pequeno erro na hora do styling.'),
    (11, 29, 5, 'O profissional foi super competente, adorei o serviço de manicure e pedicure!'),
    (12, 33, 4, 'A qualidade do serviço foi boa, mas o preço estava um pouco alto para o que foi oferecido.'),
    (13, 35, 5, 'Adorei o serviço, o corte de cabelo ficou maravilhoso e o profissional foi excelente.'),
    (14, 38, 4, 'A massagem foi boa, mas não tão relaxante quanto eu esperava.'),
    (15, 41, 5, 'Adorei a experiência, o profissional foi muito cuidadoso e a maquiagem ficou linda.'),
    (16, 44, 3, 'O serviço foi bom, mas a espera foi um pouco longa. O profissional fez um bom trabalho no geral.'),
    (17, 47, 4, 'A depilação foi boa, mas senti um pouco de dor, o profissional foi atencioso.'),
    (18, 50, 5, 'Serviço perfeito, a massagem foi maravilhosa, e o ambiente era tranquilo.'),
    (19, 54, 4, 'Bom serviço, mas achei o atendimento um pouco apressado.'),
    (20, 57, 5, 'Adorei a experiência, o ambiente era ótimo e o profissional foi muito cuidadoso.'),
    (21, 60, 3, 'O serviço foi bom, mas o tempo de espera foi um pouco longo.'),
    (22, 64, 5, 'Excelente, a maquiagem ficou incrível, o profissional foi muito competente.'),
    (23, 67, 4, 'O serviço foi bom, mas achei que o preço poderia ser mais acessível.'),
    (24, 70, 5, 'Adorei o atendimento, o cabelo ficou ótimo e o profissional foi super gentil.'),
    (25, 74, 5, 'A depilação foi excelente, o profissional foi rápido e eficaz.'),
    (26, 77, 4, 'O serviço foi bom, mas o ambiente poderia ser mais confortável.'),
    (27, 80, 5, 'Adorei o atendimento, o corte de cabelo ficou ótimo e o profissional muito profissional.'),
    (28, 83, 5, 'A depilação foi perfeita, o profissional muito atencioso e rápido.'),
    (29, 86, 4, 'Bom atendimento, mas o tempo poderia ser um pouco mais curto.'),
    (30, 89, 5, 'Excelente atendimento, a maquiagem ficou perfeita e o profissional foi ótimo.'),
    (31, 92, 4, 'O serviço foi bom, mas achei o preço um pouco acima do esperado.');

INSERT INTO insumos (id_insumo, nm_insumo, quantidade_estoque, quantidade_minima)
VALUES
    (1, 'Shampoo', 100, 10),
    (2, 'Condicionador', 80, 8),
    (3, 'Tesoura para Corte de Cabelo', 30, 5),
    (4, 'Secador de Cabelo', 20, 2),
    (5, 'Escova de Cabelo', 50, 5),
    (6, 'Pincéis de Maquiagem', 40, 4),
    (7, 'Base para Maquiagem', 60, 6),
    (8, 'Demaquilante', 45, 5),
    (9, 'Cera Depilatória', 50, 10),
    (10, 'Azeite para Massagem', 30, 3),
    (11, 'Creme Hidratante', 70, 7),
    (12, 'Lixa para Unha', 100, 15),
    (13, 'Esmalte', 200, 20),
    (14, 'Máscara de Cílios', 50, 5),
    (15, 'Cera para Depilação', 30, 5),
    (16, 'Lâmina de Depilação', 150, 15),
    (17, 'Caminha para Massagem', 10, 1),
    (18, 'Luvas para Manicure', 60, 6),
    (19, 'Creme para Pentear', 40, 4),
    (20, 'Lixa Elétrica para Unha', 15, 3),
    (21, 'Escova de Unha', 50, 5),
    (22, 'Papel Toalha', 200, 20),
    (23, 'Escova Rotacional', 10, 1),
    (24, 'Shampoo para Cabelos Cacheados', 50, 5),
    (25, 'Tônico Capilar', 40, 4);
    (26, 'Corte de Tesoura de Precisão', 20, 5),
    (27, 'Gel para Modelagem de Cabelo', 40, 8),
    (28, 'Spray de Cabelo', 30, 5),
    (29, 'Protetor Térmico', 25, 4),
    (30, 'Primer Facial', 50, 6),
    (31, 'Pó Compacto', 60, 6),
    (32, 'Iluminador', 45, 5),
    (33, 'Corretivo', 70, 7),
    (34, 'Batom', 100, 10),
    (35, 'Paleta de Sombras', 25, 4),
    (36, 'Óleo Pós-Depilação', 40, 8),
    (37, 'Lenços Depilatórios', 100, 15),
    (38, 'Rolo de Cera', 30, 5),
    (39, 'Cera Hidratante para Unhas', 50, 10),
    (40, 'Polidor de Unhas', 60, 5),
    (41, 'Removedor de Esmalte', 100, 20),
    (42, 'Palitos de Unha', 200, 25),
    (43, 'Óleo de Massagem', 30, 4),
    (44, 'Velas Aromáticas', 40, 6),
    (45, 'Toalhas de Rosto', 80, 10),
    (46, 'Massageador Elétrico', 10, 2),
    (47, 'Máscaras Faciais', 70, 8),
    (48, 'Água Termal', 60, 7),
    (49, 'Álcool em Gel', 150, 15),
    (50, 'Alisante Químico', 20, 3),
    (51, 'Escova Progressiva', 25, 4),
    (52, 'Máscara Hidratante para Cabelos', 40, 5);

INSERT INTO servico_insumos (id_servico, id_insumo, preco, data_compra)
VALUES
    (1, 3, 15.00, '2025-01-23'), 
    (1, 1, 5.00, '2025-01-24'), 
    (1, 2, 4.50, '2025-01-25'), 
    (1, 5, 6.50, '2025-01-26'), 
    (1, 4, 50.00, '2025-01-27'), 
    (1, 28, 9.00, '2025-01-28'), 
    (1, 3, 15.00, '2025-01-29'), 
    (1, 1, 5.00, '2025-01-30'), 
    (1, 2, 4.00, '2025-01-31'), 
    (1, 5, 7.00, '2025-02-01'), 
    (2, 30, 25.00, '2025-02-02'), 
    (2, 31, 20.00, '2025-02-03'), 
    (2, 33, 17.50, '2025-02-04'), 
    (2, 34, 15.00, '2025-02-05'), 
    (2, 35, 30.00, '2025-02-06'), 
    (2, 30, 25.00, '2025-02-07'), 
    (2, 31, 22.00, '2025-02-08'), 
    (2, 33, 18.00, '2025-02-09'), 
    (2, 34, 17.00, '2025-02-10'), 
    (2, 35, 32.00, '2025-02-11'), 
    (3, 9, 38.00, '2025-02-12'), 
    (3, 37, 11.00, '2025-02-13'), 
    (3, 36, 24.00, '2025-02-14'), 
    (3, 9, 40.00, '2025-02-15'), 
    (3, 37, 10.50, '2025-02-16'), 
    (3, 36, 26.00, '2025-02-17'), 
    (3, 9, 42.00, '2025-02-18'), 
    (3, 37, 12.00, '2025-02-19'), 
    (3, 36, 28.00, '2025-02-20'), 
    (4, 43, 19.50, '2025-02-21'), 
    (4, 44, 4.50, '2025-02-22'), 
    (4, 45, 2.50, '2025-02-23'), 
    (4, 43, 20.00, '2025-02-24'), 
    (4, 44, 5.00, '2025-02-25'), 
    (4, 45, 3.00, '2025-02-26'), 
    (4, 43, 22.00, '2025-02-27'), 
    (4, 44, 4.00, '2025-02-28'), 
    (4, 45, 3.50, '2025-03-01'), 
    (5, 39, 9.00, '2025-03-02'), 
    (5, 40, 4.00, '2025-03-03'), 
    (5, 41, 7.50, '2025-03-04'), 
    (5, 42, 2.00, '2025-03-05'), 
    (5, 39, 10.00, '2025-03-06'), 
    (5, 40, 5.00, '2025-03-07'), 
    (5, 41, 8.00, '2025-03-08'), 
    (5, 42, 3.00, '2025-03-09'), 
    (5, 39, 8.00, '2025-03-10'), 
    (5, 40, 4.50, '2025-03-11'), 
    (5, 41, 6.00, '2025-03-12'), 
    (5, 42, 2.50, '2025-03-13'), 
    (1, 3, 16.00, '2025-03-14'), 
    (1, 1, 5.50, '2025-03-15'), 
    (1, 2, 4.00, '2025-03-16'), 
    (1, 5, 7.00, '2025-03-17'), 
    (1, 4, 52.00, '2025-03-18'), 
    (1, 28, 10.50, '2025-03-19'), 
    (1, 3, 15.50, '2025-03-20'), 
    (1, 1, 5.00, '2025-03-21'), 
    (1, 2, 4.50, '2025-03-22'), 
    (1, 5, 6.50, '2025-03-23'), 
    (2, 30, 26.00, '2025-03-24'), 
    (2, 31, 21.00, '2025-03-25'), 
    (2, 33, 18.50, '2025-03-26'), 
    (2, 34, 16.50, '2025-03-27'), 
    (2, 35, 31.00, '2025-03-28'), 
    (2, 30, 24.50, '2025-03-29'), 
    (2, 31, 23.00, '2025-03-30'), 
    (2, 33, 19.00, '2025-04-01'), 
    (2, 34, 18.00, '2025-04-02'), 
    (2, 35, 33.00, '2025-04-03'), 
    (3, 9, 39.50, '2025-04-04'), 
    (3, 37, 11.50, '2025-04-05'), 
    (3, 36, 25.00, '2025-04-06'), 
    (3, 9, 41.00, '2025-04-07'), 
    (3, 37, 12.50, '2025-04-08'), 
    (3, 36, 27.00, '2025-04-09'), 
    (3, 9, 43.00, '2025-04-10'), 
    (3, 37, 13.00, '2025-04-11'), 
    (3, 36, 29.00, '2025-04-12'), 
    (4, 43, 20.00, '2025-04-13'), 
    (4, 44, 5.00, '2025-04-14'), 
    (4, 45, 3.00, '2025-04-15'), 
    (4, 43, 21.00, '2025-04-16'), 
    (4, 44, 5.50, '2025-04-17'), 
    (4, 45, 3.50, '2025-04-18'), 
    (4, 43, 22.50, '2025-04-19'), 
    (4, 44, 4.50, '2025-04-20'), 
    (4, 45, 3.00, '2025-04-21'), 
    (5, 39, 10.00, '2025-04-22'), 
    (5, 40, 5.00, '2025-04-23'), 
    (5, 41, 7.00, '2025-04-24'), 
    (5, 42, 2.50, '2025-04-25'), 
    (5, 39, 9.50, '2025-04-26'), 
    (5, 40, 5.50, '2025-04-27'), 
    (5, 41, 8.50, '2025-04-28'), 
    (5, 42, 3.00, '2025-04-29'),
    (1, 3, 16.50, '2025-05-01'),
    (1, 1, 5.50, '2025-05-02'),
    (1, 2, 4.20, '2025-05-03'),
    (1, 5, 7.50, '2025-05-04'),
    (1, 4, 53.00, '2025-05-05'),
    (1, 28, 11.00, '2025-05-06'),
    (1, 3, 16.00, '2025-05-07'),
    (1, 1, 5.10, '2025-05-08'),
    (1, 2, 4.70, '2025-05-09'),
    (1, 5, 6.80, '2025-05-10'),
    (2, 30, 27.50, '2025-05-11'),
    (2, 31, 22.50, '2025-05-12'),
    (2, 33, 19.80, '2025-05-13'),
    (2, 34, 17.50, '2025-05-14'),
    (2, 35, 34.00, '2025-05-15'),
    (2, 30, 25.00, '2025-05-16'),
    (2, 31, 23.00, '2025-05-17'),
    (2, 33, 20.50, '2025-05-18'),
    (2, 34, 19.00, '2025-05-19'),
    (2, 35, 35.00, '2025-05-20'),
    (3, 9, 41.50, '2025-05-21'),
    (3, 37, 13.00, '2025-05-22'),
    (3, 36, 30.00, '2025-05-23'),
    (3, 9, 42.50, '2025-05-24'),
    (3, 37, 14.00, '2025-05-25'),
    (3, 36, 31.00, '2025-05-26'),
    (3, 9, 44.00, '2025-05-27'),
    (3, 37, 15.00, '2025-05-28'),
    (3, 36, 32.00, '2025-05-29'),
    (4, 43, 23.00, '2025-05-30'),
    (4, 44, 5.50, '2025-06-01'),
    (4, 45, 3.20, '2025-06-02'),
    (4, 43, 24.00, '2025-06-03'),
    (4, 44, 6.00, '2025-06-04'),
    (4, 45, 3.80, '2025-06-05'),
    (4, 43, 25.00, '2025-06-06'),
    (4, 44, 5.00, '2025-06-07');

INSERT INTO servico_profissional (id_servico, id_profissional)
VALUES
    (1, 1),
    (1, 2),
    (1, 3),
    (1, 4),
    (1, 5),
    (2, 1),
    (2, 2),
    (2, 3),
    (2, 4),
    (2, 5),
    (3, 1),
    (3, 2),
    (3, 3),
    (3, 4),
    (3, 5),
    (4, 1),
    (4, 2),
    (4, 3),
    (4, 4),
    (4, 5),
    (5, 1),
    (5, 2),
    (5, 3),
    (5, 4),
    (5, 5),
    (6, 1),
    (6, 2),
    (6, 3),
    (6, 4),
    (6, 5),
    (7, 1),
    (7, 2),
    (7, 3),
    (7, 4),
    (7, 5),
    (8, 1),
    (8, 2),
    (8, 3),
    (8, 4),
    (8, 5),
    (9, 1),
    (9, 2),
    (9, 3),
    (9, 4),
    (9, 5),
    (10, 1),
    (10, 2),
    (10, 3),
    (10, 4),
    (10, 5),
    (11, 1),
    (11, 2),
    (11, 3),
    (11, 4),
    (11, 5),
    (12, 1),
    (12, 2),
    (12, 3),
    (12, 4),
    (12, 5),
    (13, 1),
    (13, 2),
    (13, 3),
    (13, 4),
    (13, 5),
    (14, 1),
    (14, 2),
    (14, 3),
    (14, 4),
    (14, 5),
    (15, 1),
    (15, 2),
    (15, 3),
    (15, 4),
    (15, 5),
    (16, 1),
    (16, 2),
    (16, 3),
    (16, 4),
    (16, 5),
    (17, 1),
    (17, 2),
    (17, 3),
    (17, 4),
    (17, 5),
    (18, 1),
    (18, 2),
    (18, 3),
    (18, 4),
    (18, 5),
    (19, 1),
    (19, 2),
    (19, 3),
    (19, 4),
    (19, 5),
    (20, 1),
    (20, 2),
    (20, 3),
    (20, 4),
    (20, 5),
    (21, 1),
    (21, 2),
    (21, 3),
    (21, 4),
    (21, 5),
    (22, 1),
    (22, 2),
    (22, 3),
    (22, 4),
    (22, 5),
    (23, 1),
    (23, 2),
    (23, 3),
    (23, 4),
    (23, 5),
    (24, 1),
    (24, 2),
    (24, 3),
    (24, 4),
    (24, 5),
    (25, 1),
    (25, 2),
    (25, 3),
    (25, 4),
    (25, 5),
    (26, 1),
    (26, 2),
    (26, 3),
    (26, 4),
    (26, 5),
    (27, 1),
    (27, 2),
    (27, 3),
    (27, 4),
    (27, 5),
    (28, 1),
    (28, 2),
    (28, 3),
    (28, 4),
    (28, 5),
    (29, 1),
    (29, 2),
    (29, 3),
    (29, 4),
    (29, 5),
    (30, 1),
    (30, 2),
    (30, 3),
    (30, 4),
    (30, 5),
    (31, 1),
    (31, 2),
    (31, 3),
    (31, 4),
    (31, 5),
    (32, 1),
    (32, 2),
    (32, 3),
    (32, 4),
    (32, 5),
    (33, 1),
    (33, 2),
    (33, 3),
    (33, 4),
    (33, 5),
    (34, 1),
    (34, 2),
    (34, 3),
    (34, 4),
    (34, 5),
    (35, 1),
    (35, 2),
    (35, 3),
    (35, 4),
    (35, 5),
    (36, 1),
    (36, 2),
    (36, 3),
    (36, 4),
    (36, 5),
    (37, 1),
    (37, 2),
    (37, 3),
    (37, 4),
    (37, 5),
    (38, 1),
    (38, 2),
    (38, 3),
    (38, 4),
    (38, 5),
    (39, 1),
    (39, 2),
    (39, 3),
    (39, 4),
    (39, 5),
    (40, 1),
    (40, 2),
    (40, 3),
    (40, 4),
    (40, 5),
    (41, 1),
    (41, 2),
    (41, 3),
    (41, 4),
    (41, 5),
    (42, 1),
    (42, 2),
    (42, 3),
    (42, 4),
    (42, 5),
    (43, 1),
    (43, 2),
    (43, 3),
    (43, 4),
    (43, 5),
    (44, 1),
    (44, 2),
    (44, 3),
    (44, 4),
    (44, 5),
    (45, 1),
    (45, 2),
    (45, 3),
    (45, 4),
    (45, 5),
    (46, 1),
    (46, 2),
    (46, 3),
    (46, 4),
    (46, 5),
    (47, 1),
    (47, 2),
    (47, 3),
    (47, 4),
    (47, 5),
    (48, 1),
    (48, 2),
    (48, 3),
    (48, 4),
    (48, 5),
    (49, 1),
    (49, 2),
    (49, 3),
    (49, 4),
    (49, 5),
    (50, 1),
    (50, 2),
    (50, 3),
    (50, 4),
    (50, 5),
    (51, 1),
    (51, 2),
    (51, 3),
    (51, 4),
    (51, 5),
    (52, 1),
    (52, 2),
    (52, 3),
    (52, 4),
    (52, 5),
    (53, 1),
    (53, 2),
    (53, 3),
    (53, 4),
    (53, 5),
    (54, 1),
    (54, 2),
    (54, 3),
    (54, 4),
    (54, 5),
    (55, 1),
    (55, 2),
    (55, 3),
    (55, 4),
    (55, 5),
    (56, 1),
    (56, 2),
    (56, 3),
    (56, 4),
    (56, 5),
    (57, 1),
    (57, 2),
    (57, 3),
    (57, 4),
    (57, 5),
    (58, 1),
    (58, 2),
    (58, 3),
    (58, 4),
    (58, 5),
    (59, 1),
    (59, 2),
    (59, 3),
    (59, 4),
    (59, 5),
    (60, 1),
    (60, 2),
    (60, 3),
    (60, 4),
    (60, 5),
    (61, 1),
    (61, 2),
    (61, 3),
    (61, 4),
    (61, 5),
    (62, 1),
    (62, 2),
    (62, 3),
    (62, 4),
    (62, 5),
    (63, 1),
    (63, 2),
    (63, 3),
    (63, 4),
    (63, 5),
    (64, 1),
    (64, 2),
    (64, 3),
    (64, 4),
    (64, 5),
    (65, 1),
    (65, 2),
    (65, 3),
    (65, 4),
    (65, 5),
    (66, 1),
    (66, 2),
    (66, 3),
    (66, 4),
    (66, 5),
    (67, 1),
    (67, 2),
    (67, 3),
    (67, 4),
    (67, 5),
    (68, 1),
    (68, 2),
    (68, 3),
    (68, 4),
    (68, 5),
    (69, 1),
    (69, 2),
    (69, 3),
    (69, 4),
    (69, 5),
    (70, 1),
    (70, 2),
    (70, 3),
    (70, 4),
    (70, 5),
    (71, 1),
    (71, 2),
    (71, 3),
    (71, 4),
    (71, 5),
    (72, 1),
    (72, 2),
    (72, 3),
    (72, 4),
    (72, 5),
    (73, 1),
    (73, 2),
    (73, 3),
    (73, 4),
    (73, 5),
    (74, 1),
    (74, 2),
    (74, 3),
    (74, 4),
    (74, 5),
    (75, 1),
    (75, 2),
    (75, 3),
    (75, 4),
    (75, 5),
    (76, 1),
    (76, 2),
    (76, 3),
    (76, 4),
    (76, 5),
    (77, 1),
    (77, 2),
    (77, 3),
    (77, 4),
    (77, 5),
    (78, 1),
    (78, 2),
    (78, 3),
    (78, 4),
    (78, 5),
    (79, 1),
    (79, 2),
    (79, 3),
    (79, 4),
    (79, 5),
    (80, 1),
    (80, 2),
    (80, 3),
    (80, 4),
    (80, 5),
    (81, 1),
    (81, 2),
    (81, 3),
    (81, 4),
    (81, 5),
    (82, 1),
    (82, 2),
    (82, 3),
    (82, 4),
    (82, 5),
    (83, 1),
    (83, 2),
    (83, 3),
    (83, 4),
    (83, 5),
    (84, 1),
    (84, 2),
    (84, 3),
    (84, 4),
    (84, 5),
    (85, 1),
    (85, 2),
    (85, 3),
    (85, 4),
    (85, 5),
    (86, 1),
    (86, 2),
    (86, 3),
    (86, 4),
    (86, 5),
    (87, 1),
    (87, 2),
    (87, 3),
    (87, 4),
    (87, 5),
    (88, 1),
    (88, 2),
    (88, 3),
    (88, 4),
    (88, 5),
    (89, 1),
    (89, 2),
    (89, 3),
    (89, 4),
    (89, 5),
    (90, 1),
    (90, 2),
    (90, 3),
    (90, 4),
    (90, 5),
    (91, 1),
    (91, 2),
    (91, 3),
    (91, 4),
    (91, 5),
    (92, 1),
    (92, 2),
    (92, 3),
    (92, 4),
    (92, 5),
    (93, 1),
    (93, 2),
    (93, 3),
    (93, 4),
    (93, 5),
    (94, 1),
    (94, 2),
    (94, 3),
    (94, 4),
    (94, 5),
    (95, 1),
    (95, 2),
    (95, 3),
    (95, 4),
    (95, 5),
    (96, 1),
    (96, 2),
    (96, 3),
    (96, 4),
    (96, 5);
